tree,树,0,0,2026-09-30
checks and balances,三权分立,0,0,2026-09-30
algorithm,算法,0,0,2026-09-30
database,数据库,0,0,2026-09-30
interface,接口,0,0,2026-09-30
variable,变量,0,0,2026-09-30
function,函数,0,0,2026-09-30
memory,内存,0,0,2026-09-30
efficient,高效的,0,0,2026-09-30
network,网络,0,0,2026-09-30
challenge,挑战,0,0,2026-09-30
opportunity,机会,0,0,2026-09-30
knowledge,知识,0,0,2026-09-30
experience,经验,0,0,2026-09-30
environment,环境,0,0,2026-09-30
improve,改善,0,0,2026-09-30
develop,发展,0,0,2026-09-30
look forward to,期待,0,0,2026-09-30
take part in,参加,0,0,2026-09-30
deal with,处理,0,0,2026-09-30
depend on,依赖,0,0,2026-09-30
pay attention to,注意,0,0,2026-09-30
make use of,利用,0,0,2026-09-30
give up,放弃,0,0,2026-09-30
in order to,为了,0,0,2026-09-30
